,#,Country,TotalCases,NewCases,TotalDeaths,NewDeaths,TotalRecovered,ActiveCases,"Serious,Critical",Tot Cases/1M pop,Deaths/1M pop,TotalTests,"Tests/
1M pop
",Population,Continent,1 Caseevery X ppl,1 Deathevery X ppl,1 Testevery X ppl,Date
0,0,World,139416459,587933,2992358,7364,118537485,17886616,106496,17886,383.9,0,0,0,All,0,0,0,2021-04-22
1,0,Europe,42358631,192492,966404,3699,36601072,4791155,32926,0,0,0,0,0,Europe,0,0,0,2021-04-22
2,0,North America,37122545,34877,842223,827,28787583,7492739,16780,0,0,0,0,0,North America,0,0,0,2021-04-22
3,0,Asia,32564907,347857,458333,2517,28621169,3485405,28717,0,0,0,0,0,Asia,0,0,0,2021-04-22
4,1,USA,32168325,18665,578285,187,24701568,6888472,9684,96739,1739,423751559,1274338,332526757,North America,10,575,1,2021-04-22
5,0,South America,22883867,8539,607098,241,20534984,1741785,24302,0,0,0,0,0,South America,0,0,0,2021-04-22
6,2,India,14268963,198073,174172,1020,12530660,1564131,8944,10261,125,262003415,188405,1390642113,Asia,97,7984,5,2021-04-22
7,3,Brazil,13677564,0,362180,0,12170771,1144613,8318,63990,1694,28600000,133804,213745314,South America,16,590,7,2021-04-22
8,4,France,5187879,38045,100073,296,4008331,1079475,5924,79341,1530,71017438,1086108,65387072,Europe,13,653,1,2021-04-22
9,5,Russia,4675153,8944,104398,398,4301448,269307,2300,32025,715,124700000,854205,145983692,Europe,31,1398,1,2021-04-22
10,0,Africa,4425216,3947,117119,69,3957246,350851,3767,0,0,0,0,0,Africa,0,0,0,2021-04-22
11,6,UK,4380976,2672,127191,30,4113338,140447,351,64269,1866,139824361,2051231,68166088,Europe,16,536,0,2021-04-22
12,7,Turkey,4086957,61400,35031,297,3535040,516886,3080,48053,412,42828122,503562,85050360,Asia,21,2428,2,2021-04-22
13,8,Italy,3826156,16974,115937,380,3200196,510023,3417,63356,1920,54204890,897553,60391837,Europe,16,521,1,2021-04-22
14,9,Spain,3396685,9663,76882,126,3123268,196535,2143,72627,1644,44285495,946898,46769025,Europe,14,608,1,2021-04-22
15,10,Germany,3090583,26201,80090,277,2736100,274393,4662,36795,954,52737238,627865,83994506,Europe,27,1049,2,2021-04-22
16,11,Poland,2642242,21130,60612,682,2238638,342992,3443,69875,1603,13335088,352650,37813984,Europe,14,624,3,2021-04-22
17,12,Argentina,2604157,0,58542,0,2278486,267129,3879,57208,1286,9833106,216012,45521023,South America,17,778,5,2021-04-22
18,13,Colombia,2585801,0,66819,0,2419265,99717,4299,50398,1302,13526900,263641,51307978,South America,20,768,4,2021-04-22
19,14,Mexico,2291246,5113,210812,518,1817866,262568,4798,17626,1622,6332152,48711,129994567,North America,57,617,21,2021-04-22
20,15,Iran,2168872,25078,65680,321,1749041,354151,4601,25566,774,14059260,165725,84834876,Asia,39,1292,6,2021-04-22
21,16,Ukraine,1903765,16427,38658,433,1453766,411341,177,43738,888,8822097,202683,43526620,Europe,23,1126,5,2021-04-22
22,17,Peru,1667737,0,55812,0,1592937,18988,2615,50035,1674,10158843,304783,33331387,South America,20,597,3,2021-04-22
23,18,Czechia,1593847,3697,28229,45,1483559,82059,1076,148616,2632,15102106,1408174,10724603,Europe,7,380,1,2021-04-22
24,19,Indonesia,1589359,6177,43073,167,1438254,108032,0,5763,156,13659569,49529,275790702,Asia,174,6403,20,2021-04-22
25,20,South Africa,1561559,0,53498,0,1486873,21188,546,26072,893,10216114,170569,59894339,Africa,38,1120,6,2021-04-22
26,21,Netherlands,1378145,8734,16861,14,1150716,210568,772,80290,982,11292587,657897,17164681,Europe,12,1018,2,2021-04-22
27,22,Chile,1101698,7431,24766,218,1033189,43743,3257,57246,1287,12128654,630226,19244919,South America,17,777,2,2021-04-22
28,23,Canada,1093402,6250,23489,44,987820,82093,928,28772,618,29363293,772683,38001715,North America,35,1618,1,2021-04-22
29,24,Romania,1020301,3852,25800,195,925395,69106,1518,53317,1348,7811019,408174,19136495,Europe,19,742,2,2021-04-22
30,25,Iraq,956860,7810,14885,49,837336,104639,501,23380,364,8690527,212345,40926514,Asia,43,2750,5,2021-04-22
31,26,Belgium,935316,4713,23603,37,786295,125418,941,80428,2030,11820183,1016418,11629250,Europe,12,493,1,2021-04-22
32,27,Philippines,904285,11429,15594,148,705164,183527,750,8167,141,10977922,99148,110723047,Asia,122,7100,10,2021-04-22
33,28,Sweden,892480,0,13761,36,718278,160441,391,87940,1356,7847033,773205,10148706,Europe,11,737,1,2021-04-22
34,29,Israel,836699,195,6314,2,827401,2984,209,90969,686,13914938,1512890,9197590,Asia,11,1457,1,2021-04-22
35,30,Portugal,829358,501,16933,2,787011,25414,109,81523,1664,9608064,944440,10173293,Europe,12,601,1,2021-04-22
36,31,Pakistan,739818,5395,15872,118,646652,77294,4276,3299,71,10942771,48799,224242164,Asia,303,14128,20,2021-04-22
37,32,Hungary,736982,5307,24521,256,440498,271963,1156,76442,2543,5033736,522116,9641034,Europe,13,393,2,2021-04-22
38,33,Bangladesh,707362,4192,10081,94,597214,100067,0,4262,61,5115572,30821,165975757,Asia,235,16464,32,2021-04-22
39,34,Jordan,679138,2963,8057,70,621870,49211,729,66048,784,6426320,624973,10282548,Asia,15,1276,2,2021-04-22
40,35,Serbia,654870,2971,5881,35,575771,73218,259,75189,675,3646957,418726,8709642,Europe,13,1481,2,2021-04-22
41,36,Switzerland,630194,2226,10492,4,564850,54852,213,72400,1205,6505841,747429,8704294,Europe,14,830,1,2021-04-22
42,37,Austria,586883,2678,9813,34,547604,29466,577,64872,1085,27703138,3062219,9046752,Europe,15,922,0,2021-04-22
43,38,Japan,516121,3952,9500,31,473570,33051,631,4091,75,10670227,84569,126171504,Asia,244,13281,12,2021-04-22
44,39,Lebanon,504800,2501,6809,31,416624,81367,795,74220,1001,3778035,555482,6801360,Asia,13,999,2,2021-04-22
45,40,Morocco,504260,596,8927,7,490366,4967,243,13536,240,6137435,164749,37253307,Africa,74,4173,6,2021-04-22
46,41,UAE,491423,1928,1545,4,475012,14866,0,49221,155,41150933,4121683,9984012,Asia,20,6462,0,2021-04-22
47,42,Saudi Arabia,402142,985,6791,10,386102,9249,999,11412,193,16018862,454591,35237991,Asia,88,5189,2,2021-04-22
48,43,Bulgaria,380576,0,14871,0,296998,68707,807,55099,2153,2319263,335775,6907188,Europe,18,464,3,2021-04-22
49,44,Slovakia,373950,843,10877,79,255300,107773,472,68467,1991,2465652,451442,5461722,Europe,15,502,2,2021-04-22
50,45,Malaysia,367977,2148,1363,10,349039,17575,212,11256,42,8407970,257197,32690753,Asia,89,23984,4,2021-04-22
51,46,Panama,359516,0,6177,0,349318,4021,105,82309,1414,2262027,517876,4367896,North America,12,707,2,2021-04-22
52,47,Ecuador,350539,0,17400,0,298604,34535,591,19635,975,1205869,67546,17852660,South America,51,1026,15,2021-04-22
53,48,Belarus,340023,1222,2393,10,330483,7147,0,35993,253,5608959,593737,9446877,Europe,28,3948,2,2021-04-22
54,49,Greece,308006,3822,9239,104,264324,34443,819,29665,890,7314249,704449,10382930,Europe,34,1124,1,2021-04-22
55,50,Croatia,300900,2927,6442,43,279151,15307,179,73654,1577,1674418,409863,4085307,Europe,14,634,2,2021-04-22
56,51,Azerbaijan,294211,2317,4045,36,257942,32224,0,28814,396,3068679,300531,10210853,Asia,35,2524,3,2021-04-22
57,52,Georgia,292244,1030,3908,7,279389,8947,0,73370,981,3791276,951831,3983138,Asia,14,1019,1,2021-04-22
58,53,Bolivia,285291,1108,12519,23,234596,38176,71,24182,1061,1019593,86423,11797677,South America,41,942,12,2021-04-22
59,54,Nepal,282054,490,3066,5,274604,4384,0,9546,104,2329547,78844,29546342,Asia,105,9637,13,2021-04-22
60,55,Kazakhstan,278695,2641,3306,20,239448,35941,221,14705,174,9283107,489805,18952655,Asia,68,5733,2,2021-04-22
61,56,Tunisia,276727,0,9480,0,229754,37493,446,23224,796,1198763,100605,11915556,Africa,43,1257,10,2021-04-22
62,57,Palestine,274690,0,2923,0,239291,32476,180,52887,563,1650739,317824,5193881,Asia,19,1777,3,2021-04-22
63,58,Dominican Republic,259639,379,3405,3,217613,38621,156,23748,311,1360208,124411,10933195,North America,42,3211,8,2021-04-22
64,59,Kuwait,251675,0,1423,0,235053,15199,237,58258,329,2187159,506288,4319992,Asia,17,3036,2,2021-04-22
65,60,Moldova,244177,812,5493,27,227569,11115,290,60641,1364,922034,228987,4026580,Europe,16,733,4,2021-04-22
66,61,Ireland,242402,297,4820,8,222851,14731,51,48665,968,4241709,851576,4981009,Europe,21,1033,1,2021-04-22
67,62,Paraguay,242161,0,5040,0,198473,38648,489,33628,700,994708,138132,7201165,South America,30,1429,7,2021-04-22
68,63,Denmark,240330,798,2449,2,229372,8509,37,41377,422,30797340,5302361,5808232,Europe,24,2372,0,2021-04-22
69,64,Ethiopia,234405,0,3252,0,174591,56562,995,2000,28,2469593,21075,117182537,Africa,500,36034,47,2021-04-22
70,65,Lithuania,230462,1168,3730,9,208890,17842,151,85601,1385,2553641,948509,2692270,Europe,12,722,1,2021-04-22
71,66,Slovenia,229967,891,4142,7,212815,13010,150,110606,1992,1119516,538446,2079163,Europe,9,502,2,2021-04-22
72,67,Costa Rica,225343,0,3044,0,196060,26239,221,43921,593,879450,171413,5130600,North America,23,1685,6,2021-04-22
73,68,Egypt,212961,0,12570,0,161031,39360,90,2051,121,2677262,25782,103842186,Africa,488,8261,39,2021-04-22
74,69,Guatemala,208694,1567,7120,31,188695,12879,5,11483,392,1139962,62723,18174497,North America,87,2553,16,2021-04-22
75,70,Armenia,206142,1014,3817,23,185125,17200,0,69464,1286,920423,310158,2967598,Asia,14,777,3,2021-04-22
76,71,Honduras,198214,1510,4905,32,76130,117179,576,19766,489,550206,54868,10027818,North America,51,2044,18,2021-04-22
77,72,Qatar,193952,989,357,9,171985,21610,489,69076,127,1825071,649999,2807805,Asia,14,7865,2,2021-04-22
78,73,Bosnia and Herzegovina,187715,1343,7702,60,144932,35081,0,57498,2359,858968,263105,3264729,Europe,17,424,4,2021-04-22
79,74,Venezuela,178094,0,1834,0,160620,15640,237,6277,65,3359014,118390,28372485,South America,159,15470,8,2021-04-22
80,75,Oman,176668,1035,1821,14,156845,18002,267,33924,350,1550000,297631,5207798,Asia,29,2860,3,2021-04-22
81,76,Libya,170558,513,2873,39,155712,11973,0,24560,414,924294,133098,6944442,Africa,41,2417,8,2021-04-22
82,77,Nigeria,164000,0,2061,0,154270,7669,11,781,10,1838174,8748,210120737,Africa,1281,101951,114,2021-04-22
83,78,Bahrain,159964,0,569,0,148093,11302,91,91541,326,3834581,2194372,1747462,Asia,11,3071,0,2021-04-22
84,79,Uruguay,152089,0,1647,0,119388,31054,509,43664,473,1575378,452280,3483191,South America,23,2115,2,2021-04-22
85,80,Kenya,149219,1091,2424,4,99580,47215,261,2728,44,1584731,28974,54695314,Africa,367,22564,35,2021-04-22
86,81,North Macedonia,145001,890,4357,35,120707,19937,124,69601,2091,681272,327015,2083307,Europe,14,478,3,2021-04-22
87,82,Myanmar,142610,5,3206,0,131879,7525,0,2607,59,2557057,46750,54696124,Asia,384,17061,21,2021-04-22
88,83,Albania,129128,169,2335,4,100013,26780,18,44909,812,595392,207070,2875324,Europe,22,1231,5,2021-04-22
89,84,Algeria,119142,167,3144,3,83048,32950,16,2679,71,230861,5191,44469823,Africa,373,14144,193,2021-04-22
90,85,Estonia,116200,572,1064,7,99096,16040,63,87550,802,1214411,914992,1327237,Europe,11,1247,1,2021-04-22
91,86,S. Korea,112117,698,1788,6,102513,7816,99,2185,35,8291126,161608,51303892,Asia,458,28693,6,2021-04-22
92,87,Latvia,109731,643,2030,11,101088,6613,94,58688,1086,2086123,1115734,1869732,Europe,17,921,1,2021-04-22
93,88,Norway,105870,599,707,1,88952,16211,55,19410,130,4944869,906566,5454503,Europe,52,7715,1,2021-04-22
94,89,Sri Lanka,95737,0,604,0,92308,2825,0,4456,28,2374627,110531,21483791,Asia,224,35569,9,2021-04-22
95,90,Montenegro,95042,183,1412,7,89965,3665,69,151310,2248,357126,568555,628129,Europe,7,445,2,2021-04-22
96,91,Ghana,91545,68,766,3,89400,1379,8,2899,24,1039284,32910,31579196,Africa,345,41226,30,2021-04-22
97,92,Kyrgyzstan,91144,305,1540,6,86491,3113,25,13792,233,918783,139033,6608364,Asia,73,4291,7,2021-04-22
98,93,Zambia,90532,143,1230,1,88283,1019,51,4819,65,1327186,70653,18784579,Africa,207,15272,14,2021-04-22
99,94,China,90457,10,4636,0,85524,297,5,63,3,160000000,111163,1439323776,Asia,15912,310467,9,2021-04-22
100,95,Cuba,90408,1004,491,4,85121,4796,69,7986,43,3298208,291331,11321175,North America,125,23057,3,2021-04-22
101,96,Uzbekistan,85730,227,634,0,83462,1634,23,2533,19,1377915,40708,33848811,Asia,395,53389,25,2021-04-22
102,97,Finland,83253,289,885,4,46000,36368,37,15007,160,4223881,761404,5547489,Europe,67,6268,1,2021-04-22
103,98,Mozambique,69002,75,794,0,61112,7096,68,2161,25,500757,15680,31936814,Africa,463,40223,64,2021-04-22
104,99,El Salvador,66956,140,2060,3,63345,1551,57,10282,316,878793,134952,6511911,North America,97,3161,7,2021-04-22
105,100,Luxembourg,64549,215,785,1,60563,3201,30,101822,1238,2539169,4005365,633942,Europe,10,808,0,2021-04-22
106,101,Cameroon,61731,0,919,0,56926,3886,385,2281,34,1257949,46486,27060733,Africa,438,29446,22,2021-04-22
107,102,Singapore,60735,16,30,0,60417,288,2,10318,5,9036706,1535172,5886444,Asia,97,196215,1,2021-04-22
108,0,Oceania,60572,221,1166,11,34725,24681,4,0,0,0,0,0,Australia/Oceania,0,0,0,2021-04-22
109,103,Afghanistan,57612,78,2535,2,52083,2994,1124,1454,64,377979,9542,39612153,Asia,688,15626,105,2021-04-22
110,104,Cyprus,53254,0,277,0,39061,13916,27,43857,228,4102961,3378989,1214257,Asia,23,4384,0,2021-04-22
111,105,Namibia,46051,0,592,0,44162,1297,32,17871,230,366186,142105,2576863,Africa,56,4353,7,2021-04-22
112,106,Ivory Coast,45388,0,271,0,44833,284,0,1688,10,557294,20727,26887262,Africa,592,99215,48,2021-04-22
113,107,Botswana,43444,0,663,0,38923,3858,1,18187,278,958802,401391,2388698,Africa,55,3603,2,2021-04-22
114,108,Jamaica,43240,186,697,5,19369,23174,32,14552,235,310238,104411,2971321,North America,69,4263,10,2021-04-22
115,109,Uganda,41263,26,338,0,40898,27,24,880,7,976929,20846,46863292,Africa,1136,138649,48,2021-04-22
116,110,Senegal,39606,46,1085,1,38343,178,17,2318,63,459313,26880,17087514,Africa,431,15749,37,2021-04-22
117,111,Thailand,37453,1543,97,0,28383,8973,1,536,1,8124896,116173,69937672,Asia,1867,721007,9,2021-04-22
118,112,Zimbabwe,37369,0,1548,0,34946,875,12,2486,103,396632,26385,15032245,Africa,402,9711,38,2021-04-22
119,113,Malawi,33891,0,1134,0,31675,1082,20,1737,58,225576,11559,19514960,Africa,576,17209,87,2021-04-22
120,114,Sudan,31790,0,2208,0,25539,4043,0,712,49,232965,5218,44647518,Africa,1404,20221,192,2021-04-22
121,115,Madagascar,30207,859,527,7,24893,4787,301,1069,19,161369,5713,28245501,Africa,935,53597,175,2021-04-22
122,116,Malta,29833,55,403,0,28842,588,0,67424,911,840325,1899181,442467,Europe,15,1098,1,2021-04-22
123,117,Australia,29457,15,910,0,26381,2166,0,1145,35,16245359,631336,25731698,Australia/Oceania,874,28277,2,2021-04-22
124,118,DRC,28769,55,745,0,25841,2183,0,314,8,143834,1569,91677905,Africa,3187,123058,637,2021-04-22
125,119,Maldives,25844,0,67,0,23141,2636,82,47162,122,675941,1233503,547985,Asia,21,8179,1,2021-04-22
126,120,Angola,23841,0,557,0,22144,1140,17,708,17,445121,13224,33660723,Africa,1412,60432,76,2021-04-22
127,121,Rwanda,23672,0,317,0,21594,1761,7,1793,24,1237120,93704,13202399,Africa,558,41648,11,2021-04-22
128,122,Gabon,21566,0,132,0,18219,3215,20,9514,58,679898,299954,2266678,Africa,105,17172,3,2021-04-22
129,123,Guinea,21299,0,136,0,18815,2348,24,1588,10,417479,31132,13410087,Africa,630,98604,32,2021-04-22
130,124,Syria,20555,0,1402,0,14335,4818,0,1153,79,103566,5808,17831997,Asia,868,12719,172,2021-04-22
131,125,Mayotte,19757,0,168,0,2964,16625,6,71082,604,165683,596098,277946,Africa,14,1654,2,2021-04-22
132,126,Cabo Verde,19525,0,188,0,17645,1692,23,34821,335,138219,246503,560720,Africa,29,2983,4,2021-04-22
133,127,French Polynesia,18680,0,141,0,4842,13697,1,66198,500,26355,93397,282183,Australia/Oceania,15,2001,11,2021-04-22
134,128,Mongolia,18565,742,31,2,10638,7896,88,5593,9,2503759,754240,3319578,Asia,179,107083,1,2021-04-22
135,129,Réunion,18425,0,135,0,16794,1496,54,20465,150,100098,111180,900327,Africa,49,6669,9,2021-04-22
136,130,Eswatini,18407,0,670,0,17682,55,3,15738,573,175502,150056,1169580,Africa,64,1746,7,2021-04-22
137,131,Mauritania,18066,0,452,0,17428,186,14,3808,95,217078,45750,4744829,Africa,263,10497,22,2021-04-22
138,132,French Guiana,17883,0,95,0,9995,7793,11,58688,312,172132,564901,304712,South America,17,3207,2,2021-04-22
139,133,Tajikistan,13308,0,90,0,13218,0,0,1371,9,0,0,9704736,Asia,729,107830,0,2021-04-22
140,134,Burkina Faso,13050,0,154,0,12689,207,0,611,7,175621,8226,21349397,Africa,1636,138632,122,2021-04-22
141,135,Haiti,12857,0,251,0,11614,992,0,1117,22,60085,5220,11511413,North America,895,45862,192,2021-04-22
142,136,Somalia,12837,0,656,0,5346,6835,0,791,40,102486,6311,16238265,Africa,1265,24753,158,2021-04-22
143,137,Guadeloupe,12717,0,176,0,2242,10299,13,31778,440,164128,410137,400178,North America,31,2274,2,2021-04-22
144,138,Andorra,12641,0,121,0,11989,531,29,163401,1564,193595,2502456,77362,Europe,6,639,0,2021-04-22
145,139,Belize,12522,0,318,0,12140,64,1,31051,789,108026,267876,403269,North America,32,1268,4,2021-04-22
146,140,Mali,12467,0,419,0,7238,4810,0,602,20,243860,11778,20704544,Africa,1661,49414,85,2021-04-22
147,141,Togo,12214,0,117,0,9543,2554,0,1449,14,294824,34973,8430002,Africa,690,72051,29,2021-04-22
148,142,Hong Kong,11619,6,209,0,11246,164,6,1540,28,11193673,1483647,7544701,Asia,649,36099,1,2021-04-22
149,143,Curaçao,11581,0,78,0,7666,3837,22,70350,474,86747,526953,164620,North America,14,2111,2,2021-04-22
150,144,Guyana,11374,0,260,0,9880,1234,15,14406,329,102053,129257,789533,South America,69,3037,8,2021-04-22
151,145,Lesotho,10709,0,315,0,5028,5366,0,4968,146,71629,33230,2155574,Africa,201,6843,30,2021-04-22
152,146,South Sudan,10416,11,114,0,10148,154,0,922,10,141630,12537,11296545,Africa,1085,99093,80,2021-04-22
153,147,Djibouti,10275,73,110,4,8745,1420,0,10283,110,142717,142825,999244,Africa,97,9084,7,2021-04-22
154,148,Aruba,10159,0,92,0,9573,494,14,94836,859,137782,1286216,107122,North America,11,1164,1,2021-04-22
155,149,Congo,10084,0,139,0,8208,1737,0,1793,25,92500,16448,5623929,Africa,558,40460,61,2021-04-22
156,150,Martinique,9890,0,64,0,98,9728,24,26371,171,140946,375820,375036,North America,38,5860,3,2021-04-22
157,151,Bahamas,9505,0,190,0,8965,350,3,23991,480,80704,203700,396190,North America,42,2085,5,2021-04-22
158,152,Suriname,9417,0,184,0,8725,508,11,15941,311,46705,79060,590755,South America,63,3211,13,2021-04-22
159,153,Papua New Guinea,9188,204,82,11,846,8260,0,1012,9,70260,7738,9079415,Australia/Oceania,988,110725,129,2021-04-22
160,154,Trinidad and Tobago,8596,0,148,0,7818,630,14,6127,105,118602,84532,1403050,North America,163,9480,12,2021-04-22
161,155,Benin,7611,0,95,0,6728,788,35,615,8,575088,46489,12370480,Africa,1625,130216,22,2021-04-22
162,156,Equatorial Guinea,7259,0,106,0,6885,268,11,5045,74,116266,80809,1438775,Africa,198,13573,12,2021-04-22
163,157,Nicaragua,6778,0,180,0,4225,2373,0,1014,27,0,0,6686300,North America,986,37146,0,2021-04-22
164,158,Iceland,6279,4,29,0,6170,80,2,18307,85,567748,1655329,342982,Europe,55,11827,1,2021-04-22
165,159,Gambia,5682,0,170,0,5165,347,3,2301,69,60533,24512,2469496,Africa,435,14526,41,2021-04-22
166,160,CAR,5682,0,75,0,5112,495,2,1161,15,40907,8356,4895406,Africa,862,65272,120,2021-04-22
167,161,Yemen,5657,75,1097,14,2178,2382,23,186,36,22934,756,30338432,Asia,5363,27656,1323,2021-04-22
168,162,Cambodia,5218,344,36,1,2319,2863,0,309,2,788973,46685,16900093,Asia,3239,469447,21,2021-04-22
169,163,Niger,5081,0,189,0,4760,132,1,204,8,93751,3767,24886024,Africa,4898,131672,265,2021-04-22
170,164,San Marino,5010,5,86,0,4671,253,7,147409,2530,57632,1695707,33987,Europe,7,395,1,2021-04-22
171,165,Seychelles,4765,132,25,0,4351,389,0,48217,253,21504,217597,98825,Africa,21,3953,5,2021-04-22
172,166,Chad,4662,0,167,0,4312,183,0,278,10,110863,6602,16792515,Africa,3602,100554,151,2021-04-22
173,167,Saint Lucia,4355,0,64,0,4208,83,1,23632,347,38109,206793,184286,North America,42,2879,5,2021-04-22
174,168,Gibraltar,4290,0,94,0,4181,15,1,127364,2791,222091,6593564,33683,Europe,8,358,0,2021-04-22
175,169,Channel Islands,4053,0,86,0,3956,11,1,23144,491,399901,2283583,175120,Europe,43,2036,0,2021-04-22
176,170,Sierra Leone,4013,0,79,0,2832,1102,0,495,10,118332,14602,8103627,Africa,2019,102578,68,2021-04-22
177,171,Comoros,3803,0,146,0,3582,75,0,4302,165,0,0,884057,Africa,232,6055,0,2021-04-22
178,172,Barbados,3744,0,44,0,3634,66,0,13016,153,146728,510089,287652,North America,77,6538,2,2021-04-22
179,173,Guinea-Bissau,3694,0,66,0,3093,535,11,1843,33,60864,30367,2004263,Africa,543,30368,33,2021-04-22
180,174,Eritrea,3479,0,10,0,3273,196,0,970,3,23693,6609,3584844,Africa,1030,358484,151,2021-04-22
181,175,Burundi,3424,91,6,0,773,2645,0,281,0.5,90019,7399,12166138,Africa,3553,2027690,135,2021-04-22
182,176,Liechtenstein,2780,10,56,0,2657,67,5,72748,1465,32252,843984,38214,Europe,14,682,1,2021-04-22
183,177,Vietnam,2758,25,35,0,2445,278,0,28,0.4,2598753,26511,98025481,Asia,35542,2800728,38,2021-04-22
184,178,New Zealand,2591,2,26,0,2464,101,0,518,5,1959282,391692,5002100,Australia/Oceania,1931,192388,3,2021-04-22
185,179,Monaco,2384,0,31,0,2266,87,6,60416,786,51953,1316599,39460,Europe,17,1273,1,2021-04-22
186,180,Turks and Caicos,2367,7,17,0,2285,65,2,60495,434,42008,1073632,39127,North America,17,2302,1,2021-04-22
187,181,Sao Tome and Principe,2269,0,35,0,2196,38,0,10205,157,12597,56657,222339,Africa,98,6353,18,2021-04-22
188,182,Sint Maarten,2199,3,27,0,2136,36,1,50836,624,25304,584969,43257,North America,20,1602,2,2021-04-22
189,183,Liberia,2042,0,85,0,1899,58,2,396,17,79684,15472,5150360,Africa,2522,60592,65,2021-04-22
190,184,Bermuda,1935,0,16,0,1051,868,41,31161,258,219837,3540219,62097,North America,32,3881,0,2021-04-22
191,185,St. Vincent Grenadines,1818,6,10,0,1677,131,2,16346,90,44072,396270,111217,North America,61,11122,3,2021-04-22
192,186,Saint Martin,1702,9,12,0,1399,291,7,43439,306,27588,704117,39181,North America,23,3265,1,2021-04-22
193,187,Isle of Man,1575,0,29,0,1534,12,0,18446,340,44761,524219,85386,Europe,54,2944,2,2021-04-22
194,188,Caribbean Netherlands,1529,3,14,0,1430,85,0,57886,530,10025,379534,26414,North America,17,1887,3,2021-04-22
195,189,Antigua and Barbuda,1209,8,31,0,947,231,4,12266,315,16493,167331,98565,North America,82,3180,6,2021-04-22
196,190,Mauritius,1202,1,15,0,865,322,0,944,12,358675,281661,1273428,Africa,1059,84895,4,2021-04-22
197,191,Timor-Leste,1138,35,2,0,564,572,0,850,1,54468,40707,1338060,Asia,1176,669030,25,2021-04-22
198,192,Taiwan,1068,1,11,0,1031,26,0,45,0.5,513203,21517,23850673,Asia,22332,2168243,46,2021-04-22
199,193,Bhutan,934,5,1,0,876,57,0,1200,1,658583,846217,778267,Asia,833,778267,1,2021-04-22
200,194,St. Barth,934,27,1,0,462,471,0,94334,101,26385,2664882,9901,North America,11,9901,0,2021-04-22
201,0,0,721,0,15,0,706,0,0,0,0,0,0,0,0,0,0,0,2021-04-22
202,195,Diamond Princess,712,0,13,0,699,0,0,0,0,0,0, ,0,0,0,0,2021-04-22
203,196,Faeroe Islands,662,0,1,0,660,1,0,13508,20,248022,5060744,49009,Europe,74,49009,0,2021-04-22
204,197,Cayman Islands,523,0,2,0,498,23,0,7885,30,85460,1288465,66327,North America,127,33164,1,2021-04-22
205,198,Tanzania,509,0,21,0,183,305,7,8,0.3,0,0,61057874,Africa,119957,2907518,0,2021-04-22
206,199,Wallis and Futuna,437,0,5,0,44,388,3,39430,451,10663,962104,11083,Australia/Oceania,25,2217,1,2021-04-22
207,200,Brunei ,221,0,3,0,206,12,0,501,7,116596,264532,440764,Asia,1994,146921,4,2021-04-22
208,201,British Virgin Islands,178,0,1,0,159,18,0,5857,33,13223,435125,30389,North America,171,30389,2,2021-04-22
209,202,Dominica,165,0, ,0,159,6,0,2288,0,13500,187170,72127,North America,437,0,5,2021-04-22
210,203,Grenada,155,0,1,0,152,2,0,1372,9,23989,212418,112933,North America,729,112933,5,2021-04-22
211,204,New Caledonia,121,0, ,0,58,63,0,421,0,29182,101450,287650,Australia/Oceania,2377,0,10,2021-04-22
212,205,Fiji,68,0,2,0,64,2,0,75,2,40300,44701,901543,Australia/Oceania,13258,450772,22,2021-04-22
213,206,Falkland Islands,62,0, ,0,55,7,0,17421,0,7191,2020511,3559,South America,57,0,0,2021-04-22
214,207,Laos,53,0, ,0,49,4,0,7,0,143481,19500,7358183,Asia,138834,0,51,2021-04-22
215,208,Macao,49,0, ,0,48,1,0,75,0,4418,6732,656265,Asia,13393,0,149,2021-04-22
216,209,Saint Kitts and Nevis,44,0, ,0,44,0,0,823,0,12381,231447,53494,North America,1216,0,4,2021-04-22
217,210,Greenland,31,0, ,0,31,0,0,545,0,20669,363590,56847,North America,1834,0,3,2021-04-22
218,211,Vatican City,27,0, ,0,15,12,0,33624,0,0,0,803,Europe,30,0,0,2021-04-22
219,212,Anguilla,25,0, ,0,22,3,0,1655,0,14579,964985,15108,North America,604,0,1,2021-04-22
220,213,Saint Pierre Miquelon,24,0, ,0,24,0,0,4158,0,5126,888080,5772,North America,241,0,1,2021-04-22
221,214,Montserrat,20,0,1,0,19,0,0,4005,200,1313,262915,4994,North America,250,4994,4,2021-04-22
222,215,Solomon Islands,19,0, ,0,18,1,0,27,0,4500,6428,700011,Australia/Oceania,36843,0,156,2021-04-22
223,216,Western Sahara,10,0,1,0,8,1,0,16,2,0,0,608784,Africa,60878,608784,0,2021-04-22
224,217,MS Zaandam,9,0,2,0,7,0,0,0,0,0,0, ,0,0,0,0,2021-04-22
225,218,Marshall Islands,4,0, ,0,4,0,0,67,0,0,0,59504,Australia/Oceania,14876,0,0,2021-04-22
226,219,Samoa,3,0, ,0,2,1,0,15,0,0,0,199449,Australia/Oceania,66483,0,0,2021-04-22
227,220,Vanuatu,3,0, ,0,1,2,0,10,0,470,1503,312741,Australia/Oceania,104247,0,665,2021-04-22
228,221,Micronesia,1,0, ,0,1,0,0,9,0,0,0,115968,Australia/Oceania,115968,0,0,2021-04-22
0,0,World,138828526,811552,2984994,13550,118143646,17699886,106508,17810,382.9,0,0,0,All,0,0,0,2021-04-21
1,0,Europe,42166139,207287,962705,4295,36449341,4754093,33105,0,0,0,0,0,Europe,0,0,0,2021-04-21
2,0,North America,37087668,96773,841396,1649,28772733,7473539,16829,0,0,0,0,0,North America,0,0,0,2021-04-21
3,0,Asia,32217050,353131,455816,2505,28404141,3357093,28529,0,0,0,0,0,Asia,0,0,0,2021-04-21
4,1,USA,32149660,78876,578098,921,24696161,6875401,9676,96683,1739,423439379,1273399,332526757,North America,10,575,1,2021-04-21
5,0,South America,22875328,141309,606857,4731,20527779,1740692,24316,0,0,0,0,0,South America,0,0,0,2021-04-21
6,2,India,14070890,199569,173152,1037,12426146,1471592,8944,10118,125,260618866,187409,1390642113,Asia,99,8031,5,2021-04-21
7,3,Brazil,13677564,75998,362180,3462,12170771,1144613,8318,63990,1694,28600000,133804,213745314,South America,16,590,7,2021-04-21
8,4,France,5149834,43505,99777,297,3978356,1071701,5902,78759,1526,70521002,1078516,65387072,Europe,13,655,1,2021-04-21
9,5,Russia,4666209,8326,104000,399,4291223,270986,2300,31964,712,124400000,852150,145983692,Europe,31,1404,1,2021-04-21
10,0,Africa,4421269,12873,117050,368,3954224,349995,3725,0,0,0,0,0,Africa,0,0,0,2021-04-21
11,6,UK,4378304,2490,127161,38,4113338,137805,370,64230,1865,138606631,2033366,68166088,Europe,16,536,0,2021-04-21
12,7,Turkey,4025557,62797,34734,279,3480146,510677,3018,47331,408,42509905,499820,85050360,Asia,21,2449,2,2021-04-21
13,8,Italy,3809182,16157,115557,469,3178976,514649,3490,63074,1913,53885257,892261,60391837,Europe,16,523,1,2021-04-21
14,9,Spain,3387022,10474,76756,131,3118437,191829,2153,72420,1641,44285495,946898,46769025,Europe,14,609,1,2021-04-21
15,10,Germany,3064382,32546,79813,405,2718700,265869,4662,36483,950,51559277,613841,83994506,Europe,27,1052,2,2021-04-21
16,11,Poland,2621112,21279,59930,803,2229801,331381,3457,69316,1585,13243930,350239,37813984,Europe,14,631,3,2021-04-21
17,12,Argentina,2604157,25157,58542,368,2278486,267129,3879,57208,1286,9833106,216012,45521023,South America,17,778,5,2021-04-21
18,13,Colombia,2585801,16487,66819,337,2419265,99717,4299,50398,1302,13526900,263641,51307978,South America,20,768,4,2021-04-21
19,14,Mexico,2286133,4293,210294,592,1815237,260602,4798,17586,1618,6305194,48504,129994567,North America,57,618,21,2021-04-21
20,15,Iran,2143794,25582,65359,304,1739002,339433,4539,25270,770,13964570,164609,84834876,Asia,40,1298,6,2021-04-21
21,16,Ukraine,1887338,14553,38225,467,1442618,406495,177,43361,878,8770753,201503,43526620,Europe,23,1139,5,2021-04-21
22,17,Peru,1667737,8030,55812,323,1592937,18988,2615,50035,1674,10158843,304783,33331387,South America,20,597,3,2021-04-21
23,18,Czechia,1590150,5050,28184,79,1483301,78665,1097,148271,2628,14872167,1386734,10724603,Europe,7,381,1,2021-04-21
24,19,Indonesia,1583182,5656,42906,124,1431892,108384,0,5741,156,13584986,49258,275790702,Asia,174,6428,20,2021-04-21
25,20,South Africa,1561559,1599,53498,75,1486873,21188,546,26072,893,10216114,170569,59894339,Africa,38,1120,6,2021-04-21
26,21,Netherlands,1369411,5386,16847,27,1145813,206751,776,79781,981,11292587,657897,17164681,Europe,13,1019,2,2021-04-21
27,22,Chile,1094267,5557,24548,30,1026934,42785,3271,56860,1276,12057833,626546,19244919,South America,18,784,2,2021-04-21
28,23,Canada,1087152,8590,23445,53,983506,80201,928,28608,617,29363293,772683,38001715,North America,35,1621,1,2021-04-21
29,24,Romania,1016449,4076,25605,164,920653,70191,1521,53116,1338,7773502,406213,19136495,Europe,19,747,2,2021-04-21
30,25,Iraq,949050,7972,14836,40,831519,102695,512,23189,363,8644228,211213,40926514,Asia,43,2759,5,2021-04-21
31,26,Belgium,930603,3374,23566,63,784717,122320,919,80023,2026,11767945,1011926,11629250,Europe,12,493,1,2021-04-21
32,27,Philippines,892856,8098,15446,161,704308,173102,750,8064,140,10917317,98600,110723047,Asia,124,7168,10,2021-04-21
33,28,Sweden,892480,7102,13725,4,711498,167257,391,87940,1352,7847033,773205,10148706,Europe,11,739,1,2021-04-21
34,29,Israel,836504,170,6312,3,827184,3008,219,90948,686,13914938,1512890,9197590,Asia,11,1457,1,2021-04-21
35,30,Portugal,828857,684,16931,8,786469,25457,116,81474,1664,9608064,944440,10173293,Europe,12,601,1,2021-04-21
36,31,Pakistan,734423,4503,15754,135,641912,76757,4216,3275,70,10878086,48510,224242164,Asia,305,14234,21,2021-04-21
37,32,Hungary,731675,3597,24265,285,435344,272066,1204,75892,2517,5011794,519840,9641034,Europe,13,397,2,2021-04-21
38,33,Bangladesh,703170,5185,9987,96,591299,101884,0,4237,60,5095613,30701,165975757,Asia,236,16619,33,2021-04-21
39,34,Jordan,676175,4085,7987,50,617096,51092,729,65759,777,6404559,622857,10282548,Asia,15,1287,2,2021-04-21
40,35,Serbia,651899,3154,5846,38,571312,74741,247,74848,671,3632392,417054,8709642,Europe,13,1490,2,2021-04-21
41,36,Switzerland,627968,2601,10488,16,563438,54042,209,72145,1205,6474822,743865,8704294,Europe,14,830,1,2021-04-21
42,37,Austria,584205,2942,9779,31,544989,29437,586,64576,1081,27703138,3062219,9046752,Europe,15,925,0,2021-04-21
43,38,Japan,512169,3367,9469,44,471007,31693,608,4059,75,10595999,83981,126171504,Asia,246,13325,12,2021-04-21
44,39,Morocco,503664,703,8920,5,489928,4816,245,13520,239,6127022,164469,37253307,Africa,74,4176,6,2021-04-21
45,40,Lebanon,502299,2460,6778,40,413175,82346,821,73853,997,3759792,552800,6801360,Asia,14,1003,2,2021-04-21
46,41,UAE,489495,1798,1541,4,473398,14556,0,49028,154,40925902,4099144,9984012,Asia,20,6479,0,2021-04-21
47,42,Saudi Arabia,401157,929,6781,8,385441,8935,986,11384,192,15973019,453290,35237991,Asia,88,5197,2,2021-04-21
48,43,Bulgaria,380576,2517,14871,125,296998,68707,807,55099,2153,2319263,335775,6907188,Europe,18,464,3,2021-04-21
49,44,Slovakia,373107,1069,10798,82,255300,107009,488,68313,1977,2458340,450103,5461722,Europe,15,506,2,2021-04-21
50,45,Malaysia,365829,1889,1353,8,347780,16696,204,11191,41,8345401,255283,32690753,Asia,89,24162,4,2021-04-21
51,46,Panama,359516,395,6177,4,349318,4021,105,82309,1414,2262027,517876,4367896,North America,12,707,2,2021-04-21
52,47,Ecuador,350539,2950,17400,49,298604,34535,591,19635,975,1205869,67546,17852660,South America,51,1026,15,2021-04-21
53,48,Belarus,338801,1166,2383,10,329135,7283,0,35864,252,5589696,591698,9446877,Europe,28,3964,2,2021-04-21
54,49,Greece,304184,3081,9135,81,261176,33873,809,29297,880,7249251,698189,10382930,Europe,34,1137,1,2021-04-21
55,50,Croatia,297973,3099,6399,41,277694,13880,185,72938,1566,1663542,407201,4085307,Europe,14,638,2,2021-04-21
56,51,Azerbaijan,291894,2293,4009,31,255833,32052,0,28587,393,3054472,299140,10210853,Asia,35,2547,3,2021-04-21
57,52,Georgia,291214,1085,3901,7,278683,8630,0,73112,979,3758475,943596,3983138,Asia,14,1021,1,2021-04-21
58,53,Bolivia,284183,1099,12496,27,233646,38041,71,24088,1059,1010063,85615,11797677,South America,42,944,12,2021-04-21
59,54,Nepal,281564,580,3061,3,274447,4056,0,9530,104,2325959,78722,29546342,Asia,105,9653,13,2021-04-21
60,55,Tunisia,276727,2123,9480,84,229754,37493,446,23224,796,1198763,100605,11915556,Africa,43,1257,10,2021-04-21
61,56,Kazakhstan,276054,2229,3286,26,237446,35322,221,14565,173,9283107,489805,18952655,Asia,69,5768,2,2021-04-21
62,57,Palestine,274690,1923,2923,22,239291,32476,180,52887,563,1650739,317824,5193881,Asia,19,1777,3,2021-04-21
63,58,Dominican Republic,259260,623,3402,5,217286,38572,156,23713,311,1357657,124178,10933195,North America,42,3214,8,2021-04-21
64,59,Kuwait,251675,1402,1423,4,235053,15199,237,58258,329,2187159,506288,4319992,Asia,17,3036,2,2021-04-21
65,60,Moldova,243365,1001,5466,28,226325,11574,304,60440,1357,916328,227570,4026580,Europe,17,737,4,2021-04-21
66,61,Paraguay,242161,2020,5040,62,198473,38648,489,33628,700,994708,138132,7201165,South America,30,1429,7,2021-04-21
67,62,Ireland,242105,421,4812,9,222504,14789,49,48606,966,4226847,848593,4981009,Europe,21,1035,1,2021-04-21
68,63,Denmark,239532,663,2447,1,228685,8400,41,41240,421,30365290,5227975,5808232,Europe,24,2374,0,2021-04-21
69,64,Ethiopia,234405,1893,3252,22,174591,56562,995,2000,28,2469593,21075,117182537,Africa,500,36034,47,2021-04-21
70,65,Lithuania,229294,1318,3721,7,208123,17450,151,85168,1382,2536278,942059,2692270,Europe,12,724,1,2021-04-21
71,66,Slovenia,229076,1233,4135,5,211485,13456,154,110177,1989,1115238,536388,2079163,Europe,9,503,2,2021-04-21
72,67,Costa Rica,225343,0,3044,0,196060,26239,221,43921,593,879450,171413,5130600,North America,23,1685,6,2021-04-21
73,68,Egypt,212961,831,12570,44,161031,39360,90,2051,121,2677262,25782,103842186,Africa,488,8261,39,2021-04-21
74,69,Guatemala,207127,1805,7089,32,187894,12144,5,11397,390,1128745,62106,18174497,North America,88,2564,16,2021-04-21
75,70,Armenia,205128,1075,3794,19,184243,17091,0,69123,1278,915473,308490,2967598,Asia,14,782,3,2021-04-21
76,71,Honduras,196704,618,4873,12,76081,115750,576,19616,486,545442,54393,10027818,North America,51,2058,18,2021-04-21
77,72,Qatar,192963,984,348,8,171388,21227,483,68724,124,1820083,648223,2807805,Asia,15,8068,2,2021-04-21
78,73,Bosnia and Herzegovina,186372,708,7642,76,143944,34786,0,57087,2341,855428,262021,3264729,Europe,18,427,4,2021-04-21
79,74,Venezuela,178094,1122,1834,19,160620,15640,237,6277,65,3359014,118390,28372485,South America,159,15470,8,2021-04-21
80,75,Oman,175633,1269,1807,9,155645,18181,264,33725,347,1550000,297631,5207798,Asia,30,2882,3,2021-04-21
81,76,Libya,170045,541,2834,4,155117,12094,0,24486,408,921545,132703,6944442,Africa,41,2450,8,2021-04-21
82,77,Nigeria,164000,89,2061,0,154270,7669,11,781,10,1838174,8748,210120737,Africa,1281,101951,114,2021-04-21
83,78,Bahrain,159964,1175,569,3,148093,11302,91,91541,326,3834581,2194372,1747462,Asia,11,3071,0,2021-04-21
84,79,Uruguay,152089,2659,1647,52,119388,31054,509,43664,473,1575378,452280,3483191,South America,23,2115,2,2021-04-21
85,80,Kenya,148128,981,2420,26,99580,46128,269,2708,44,1578773,28865,54695314,Africa,369,22601,35,2021-04-21
86,81,North Macedonia,144111,949,4322,33,119683,20106,124,69174,2075,677988,325438,2083307,Europe,14,482,3,2021-04-21
87,82,Myanmar,142605,9,3206,0,131874,7525,0,2607,59,2556004,46731,54696124,Asia,384,17061,21,2021-04-21
88,83,Albania,128959,207,2331,5,99441,27187,18,44850,811,592872,206193,2875324,Europe,22,1234,5,2021-04-21
89,84,Algeria,118975,176,3141,4,82929,32905,19,2675,71,230861,5191,44469823,Africa,374,14158,193,2021-04-21
90,85,Estonia,115628,548,1057,8,97889,16682,68,87119,796,1209128,911011,1327237,Europe,11,1256,1,2021-04-21
91,86,S. Korea,111419,731,1782,7,101983,7654,100,2172,35,8245388,160717,51303892,Asia,460,28790,6,2021-04-21
92,87,Latvia,109088,733,2019,17,100464,6605,94,58344,1080,2068890,1106517,1869732,Europe,17,926,1,2021-04-21
93,88,Norway,105271,263,706,18,88952,15613,53,19300,129,4923702,902686,5454503,Europe,52,7726,1,2021-04-21
94,89,Sri Lanka,95737,117,604,2,92151,2982,0,4456,28,2374627,110531,21483791,Asia,224,35569,9,2021-04-21
95,90,Montenegro,94859,216,1405,14,89615,3839,69,151018,2237,355916,566629,628129,Europe,7,447,2,2021-04-21
96,91,Ghana,91477,67,763,2,89301,1413,10,2897,24,1034099,32746,31579196,Africa,345,41388,31,2021-04-21
97,92,Kyrgyzstan,90839,240,1534,2,86313,2992,25,13746,232,913797,138279,6608364,Asia,73,4308,7,2021-04-21
98,93,China,90447,12,4636,0,85513,298,6,63,3,160000000,111163,1439323776,Asia,15913,310467,9,2021-04-21
99,94,Zambia,90389,171,1229,0,88241,919,49,4812,65,1321490,70350,18784579,Africa,208,15284,14,2021-04-21
100,95,Cuba,89404,959,487,11,84114,4803,75,7897,43,3277536,289505,11321175,North America,127,23247,3,2021-04-21
101,96,Uzbekistan,85503,212,634,0,83264,1605,23,2526,19,1377915,40708,33848811,Asia,396,53389,25,2021-04-21
102,97,Finland,82964,400,881,4,46000,36083,34,14955,159,4204546,757919,5547489,Europe,67,6297,1,2021-04-21
103,98,Mozambique,68927,56,794,0,59972,8161,68,2158,25,499500,15640,31936814,Africa,463,40223,64,2021-04-21
104,99,El Salvador,66816,159,2057,3,63196,1563,60,10261,316,876378,134581,6511911,North America,97,3166,7,2021-04-21
105,100,Luxembourg,64334,272,784,7,60203,3347,30,101482,1237,2530508,3991703,633942,Europe,10,809,0,2021-04-21
106,101,Cameroon,61731,0,919,0,56926,3886,385,2281,34,1257949,46486,27060733,Africa,438,29446,22,2021-04-21
107,102,Singapore,60719,27,30,0,60392,297,2,10315,5,9036706,1535172,5886444,Asia,97,196215,1,2021-04-21
108,0,Oceania,60351,179,1155,2,34722,24474,4,0,0,0,0,0,Australia/Oceania,0,0,0,2021-04-21
109,103,Afghanistan,57534,42,2533,1,52022,2979,1124,1452,64,375610,9482,39612153,Asia,688,15638,105,2021-04-21
110,104,Cyprus,53254,602,277,3,39061,13916,27,43857,228,4102961,3378989,1214257,Asia,23,4384,0,2021-04-21
111,105,Namibia,46051,102,592,6,44162,1297,32,17871,230,366186,142105,2576863,Africa,56,4353,7,2021-04-21
112,106,Ivory Coast,45388,123,271,2,44833,284,0,1688,10,557294,20727,26887262,Africa,592,99215,48,2021-04-21
113,107,Botswana,43444,0,663,0,38923,3858,1,18187,278,958802,401391,2388698,Africa,55,3603,2,2021-04-21
114,108,Jamaica,43054,130,692,10,19248,23114,39,14490,233,308897,103959,2971321,North America,69,4294,10,2021-04-21
115,109,Uganda,41237,33,338,1,40779,120,24,880,7,974067,20785,46863292,Africa,1136,138649,48,2021-04-21
116,110,Senegal,39560,65,1084,3,38290,186,17,2315,63,457998,26803,17087514,Africa,432,15763,37,2021-04-21
117,111,Zimbabwe,37369,39,1548,5,34946,875,12,2486,103,394257,26227,15032245,Africa,402,9711,38,2021-04-21
118,112,Thailand,35910,1335,97,0,28322,7491,1,513,1,8124896,116173,69937672,Asia,1948,721007,9,2021-04-21
119,113,Malawi,33891,19,1134,1,31675,1082,20,1737,58,225576,11559,19514960,Africa,576,17209,87,2021-04-21
120,114,Sudan,31790,90,2208,14,25539,4043,0,712,49,232965,5218,44647518,Africa,1404,20221,192,2021-04-21
121,115,Malta,29778,58,403,0,28797,578,0,67300,911,838522,1895106,442467,Europe,15,1098,1,2021-04-21
122,116,Australia,29442,5,910,0,26380,2152,0,1144,35,16210906,629998,25731698,Australia/Oceania,874,28277,2,2021-04-21
123,117,Madagascar,29348,583,520,8,24695,4133,246,1039,18,158085,5597,28245501,Africa,962,54318,179,2021-04-21
124,118,DRC,28714,49,745,0,25841,2128,0,313,8,143603,1566,91677905,Africa,3193,123058,638,2021-04-21
125,119,Maldives,25844,85,67,0,23141,2636,82,47162,122,675941,1233503,547985,Asia,21,8179,1,2021-04-21
126,120,Angola,23841,144,557,3,22144,1140,17,708,17,443086,13163,33660723,Africa,1412,60432,76,2021-04-21
127,121,Rwanda,23672,69,317,1,21594,1761,7,1793,24,1237120,93704,13202399,Africa,558,41648,11,2021-04-21
128,122,Gabon,21566,595,132,3,18219,3215,20,9514,58,679898,299954,2266678,Africa,105,17172,3,2021-04-21
129,123,Guinea,21299,193,136,0,18815,2348,24,1588,10,417479,31132,13410087,Africa,630,98604,32,2021-04-21
130,124,Syria,20555,120,1402,10,14335,4818,0,1153,79,103566,5808,17831997,Asia,868,12719,172,2021-04-21
131,125,Mayotte,19757,51,168,1,2964,16625,6,71082,604,165683,596098,277946,Africa,14,1654,2,2021-04-21
132,126,Cabo Verde,19525,294,188,1,17645,1692,23,34821,335,136977,244288,560720,Africa,29,2983,4,2021-04-21
133,127,French Polynesia,18680,2,141,0,4842,13697,1,66198,500,26355,93397,282183,Australia/Oceania,15,2001,11,2021-04-21
134,128,Réunion,18425,0,135,0,16794,1496,54,20465,150,100098,111180,900327,Africa,49,6669,9,2021-04-21
135,129,Eswatini,18407,5,670,1,17682,55,3,15738,573,175502,150056,1169580,Africa,64,1746,7,2021-04-21
136,130,Mauritania,18066,14,452,1,17428,186,14,3808,95,217078,45750,4744829,Africa,263,10497,22,2021-04-21
137,131,French Guiana,17883,77,95,0,9995,7793,11,58688,312,172132,564901,304712,South America,17,3207,2,2021-04-21
138,132,Mongolia,17823,1220,29,2,10253,7541,88,5369,9,2503759,754240,3319578,Asia,186,114468,1,2021-04-21
139,133,Tajikistan,13308,0,90,0,13218,0,0,1371,9,0,0,9704736,Asia,729,107830,0,2021-04-21
140,134,Burkina Faso,13050,61,154,1,12689,207,0,611,7,175621,8226,21349397,Africa,1636,138632,122,2021-04-21
141,135,Haiti,12857,2,251,0,11614,992,0,1117,22,60085,5220,11511413,North America,895,45862,192,2021-04-21
142,136,Somalia,12837,271,656,38,5346,6835,0,791,40,102486,6311,16238265,Africa,1265,24753,158,2021-04-21
143,137,Guadeloupe,12717,0,176,0,2242,10299,13,31778,440,164128,410137,400178,North America,31,2274,2,2021-04-21
144,138,Andorra,12641,27,121,0,11989,531,29,163401,1564,193595,2502456,77362,Europe,6,639,0,2021-04-21
145,139,Belize,12522,9,318,0,12140,64,1,31051,789,108026,267876,403269,North America,32,1268,4,2021-04-21
146,140,Mali,12467,288,419,2,7238,4810,0,602,20,243860,11778,20704544,Africa,1661,49414,85,2021-04-21
147,141,Togo,12214,89,117,0,9543,2554,0,1449,14,294824,34973,8430002,Africa,690,72051,29,2021-04-21
148,142,Hong Kong,11613,5,209,1,11237,167,6,1539,28,11193673,1483647,7544701,Asia,650,36099,1,2021-04-21
149,143,Curaçao,11581,151,78,4,7666,3837,22,70350,474,86747,526953,164620,North America,14,2111,2,2021-04-21
150,144,Guyana,11374,97,260,2,9880,1234,15,14406,329,102053,129257,789533,South America,69,3037,8,2021-04-21
151,145,Lesotho,10709,0,315,0,5028,5366,0,4968,146,71629,33230,2155574,Africa,201,6843,30,2021-04-21
152,146,South Sudan,10405,18,114,0,10148,143,0,921,10,140929,12475,11296545,Africa,1086,99093,80,2021-04-21
153,147,Djibouti,10202,125,106,4,8591,1505,0,10210,106,142182,142290,999244,Africa,98,9427,7,2021-04-21
154,148,Aruba,10159,37,92,0,9573,494,14,94836,859,137782,1286216,107122,North America,11,1164,1,2021-04-21
155,149,Congo,10084,0,139,2,8208,1737,0,1793,25,92500,16448,5623929,Africa,558,40460,61,2021-04-21
156,150,Martinique,9890,0,64,0,98,9728,24,26371,171,140946,375820,375036,North America,38,5860,3,2021-04-21
157,151,Bahamas,9505,0,190,0,8965,350,3,23991,480,80704,203700,396190,North America,42,2085,5,2021-04-21
158,152,Suriname,9417,54,184,0,8725,508,11,15941,311,46705,79060,590755,South America,63,3211,13,2021-04-21
159,153,Papua New Guinea,8984,170,71,2,846,8067,0,989,8,70260,7738,9079415,Australia/Oceania,1011,127879,129,2021-04-21
160,154,Trinidad and Tobago,8596,85,148,2,7818,630,14,6127,105,118602,84532,1403050,North America,163,9480,12,2021-04-21
161,155,Benin,7611,96,95,2,6728,788,35,615,8,575088,46489,12370480,Africa,1625,130216,22,2021-04-21
162,156,Equatorial Guinea,7259,40,106,0,6885,268,11,5045,74,116266,80809,1438775,Africa,198,13573,12,2021-04-21
163,157,Nicaragua,6778,0,180,0,4225,2373,0,1014,27,0,0,6686300,North America,986,37146,0,2021-04-21
164,158,Iceland,6275,1,29,0,6163,83,0,18295,85,566304,1651119,342982,Europe,55,11827,1,2021-04-21
165,159,Gambia,5682,80,170,2,5165,347,3,2301,69,60533,24512,2469496,Africa,435,14526,41,2021-04-21
166,160,CAR,5682,0,75,0,5112,495,2,1161,15,40907,8356,4895406,Africa,862,65272,120,2021-04-21
167,161,Yemen,5582,75,1083,10,2128,2371,23,184,36,22934,756,30338432,Asia,5435,28013,1323,2021-04-21
168,162,Niger,5081,0,189,0,4760,132,1,204,8,93751,3767,24886024,Africa,4898,131672,265,2021-04-21
169,163,San Marino,5005,19,86,0,4624,295,8,147262,2530,57223,1683673,33987,Europe,7,395,1,2021-04-21
170,164,Cambodia,4874,178,35,2,2290,2549,0,288,2,788973,46685,16900093,Asia,3467,482860,21,2021-04-21
171,165,Chad,4662,10,167,0,4312,183,0,278,10,110863,6602,16792515,Africa,3602,100554,151,2021-04-21
172,166,Seychelles,4633,0,25,0,4310,298,0,46881,253,21504,217597,98825,Africa,21,3953,5,2021-04-21
173,167,Saint Lucia,4355,0,64,0,4179,112,1,23632,347,37758,204888,184286,North America,42,2879,5,2021-04-21
174,168,Gibraltar,4290,13,94,0,4181,15,1,127364,2791,222091,6593564,33683,Europe,8,358,0,2021-04-21
175,169,Channel Islands,4053,0,86,0,3956,11,1,23144,491,399901,2283583,175120,Europe,43,2036,0,2021-04-21
176,170,Sierra Leone,4013,4,79,0,2832,1102,0,495,10,118332,14602,8103627,Africa,2019,102578,68,2021-04-21
177,171,Comoros,3803,7,146,0,3582,75,0,4302,165,0,0,884057,Africa,232,6055,0,2021-04-21
178,172,Barbados,3744,4,44,0,3634,66,0,13016,153,146728,510089,287652,North America,77,6538,2,2021-04-21
179,173,Guinea-Bissau,3694,1,66,0,3093,535,11,1843,33,60864,30367,2004263,Africa,543,30368,33,2021-04-21
180,174,Eritrea,3479,10,10,0,3273,196,0,970,3,23693,6609,3584844,Africa,1030,358484,151,2021-04-21
181,175,Burundi,3333,71,6,0,773,2554,0,274,0.5,90019,7399,12166138,Africa,3650,2027690,135,2021-04-21
182,176,Liechtenstein,2770,2,56,0,2646,68,5,72487,1465,32252,843984,38214,Europe,14,682,1,2021-04-21
183,177,Vietnam,2733,19,35,0,2445,253,0,28,0.4,2598753,26511,98025481,Asia,35867,2800728,38,2021-04-21
184,178,New Zealand,2589,2,26,0,2462,101,0,518,5,1953823,390601,5002100,Australia/Oceania,1932,192388,3,2021-04-21
185,179,Monaco,2384,6,31,0,2266,87,6,60416,786,51953,1316599,39460,Europe,17,1273,1,2021-04-21
186,180,Turks and Caicos,2360,0,17,0,2285,58,2,60316,434,41426,1058757,39127,North America,17,2302,1,2021-04-21
187,181,Sao Tome and Principe,2269,1,35,0,2196,38,0,10205,157,12597,56657,222339,Africa,98,6353,18,2021-04-21
188,182,Sint Maarten,2196,8,27,0,2133,36,1,50766,624,25304,584969,43257,North America,20,1602,2,2021-04-21
189,183,Liberia,2042,0,85,0,1899,58,2,396,17,79684,15472,5150360,Africa,2522,60592,65,2021-04-21
190,184,Bermuda,1935,23,16,0,1051,868,41,31161,258,219837,3540219,62097,North America,32,3881,0,2021-04-21
191,185,St. Vincent Grenadines,1812,6,10,0,1677,125,2,16292,90,43985,395488,111217,North America,61,11122,3,2021-04-21
192,186,Saint Martin,1693,0,12,0,1399,282,7,43210,306,26385,673413,39181,North America,23,3265,1,2021-04-21
193,187,Isle of Man,1575,0,29,0,1445,101,0,18446,340,44761,524219,85386,Europe,54,2944,2,2021-04-21
194,188,Caribbean Netherlands,1526,0,14,0,1416,96,0,57772,530,10011,379004,26414,North America,17,1887,3,2021-04-21
195,189,Antigua and Barbuda,1201,0,31,0,947,223,45,12185,315,16493,167331,98565,North America,82,3180,6,2021-04-21
196,190,Mauritius,1201,3,15,0,841,345,0,943,12,358675,281661,1273428,Africa,1060,84895,4,2021-04-21
197,191,Timor-Leste,1103,17,2,0,564,537,0,824,1,52173,38992,1338060,Asia,1213,669030,26,2021-04-21
198,192,Taiwan,1067,5,11,0,1029,27,0,45,0.5,513203,21517,23850673,Asia,22353,2168243,46,2021-04-21
199,193,Bhutan,929,2,1,0,876,52,0,1194,1,656867,844012,778267,Asia,838,778267,1,2021-04-21
200,194,St. Barth,907,0,1,0,462,444,0,91607,101,26385,2664882,9901,North America,11,9901,0,2021-04-21
201,0,0,721,0,15,0,706,0,0,0,0,0,0,0,0,0,0,0,2021-04-21
202,195,Diamond Princess,712,0,13,0,699,0,0,0,0,0,0, ,0,0,0,0,2021-04-21
203,196,Faeroe Islands,662,1,1,0,660,1,0,13508,20,247602,5052174,49009,Europe,74,49009,0,2021-04-21
204,197,Cayman Islands,523,0,2,0,498,23,0,7885,30,85460,1288465,66327,North America,127,33164,1,2021-04-21
205,198,Tanzania,509,0,21,0,183,305,7,8,0.3,0,0,61057874,Africa,119957,2907518,0,2021-04-21
206,199,Wallis and Futuna,437,0,5,0,44,388,3,39430,451,1331,120094,11083,Australia/Oceania,25,2217,8,2021-04-21
207,200,Brunei ,221,2,3,0,206,12,0,501,7,116596,264532,440764,Asia,1994,146921,4,2021-04-21
208,201,British Virgin Islands,178,0,1,0,159,18,0,5857,33,13223,435125,30389,North America,171,30389,2,2021-04-21
209,202,Dominica,165,0, ,0,159,6,0,2288,0,13500,187170,72127,North America,437,0,5,2021-04-21
210,203,Grenada,155,0,1,0,152,2,0,1372,9,23989,212418,112933,North America,729,112933,5,2021-04-21
211,204,New Caledonia,121,0, ,0,58,63,0,421,0,29182,101450,287650,Australia/Oceania,2377,0,10,2021-04-21
212,205,Fiji,68,0,2,0,64,2,0,75,2,40300,44701,901543,Australia/Oceania,13258,450772,22,2021-04-21
213,206,Falkland Islands,62,2, ,0,55,7,0,17421,0,7191,2020511,3559,South America,57,0,0,2021-04-21
214,207,Laos,53,1, ,0,49,4,0,7,0,143481,19500,7358183,Asia,138834,0,51,2021-04-21
215,208,Macao,49,0, ,0,48,1,0,75,0,4418,6732,656265,Asia,13393,0,149,2021-04-21
216,209,Saint Kitts and Nevis,44,0, ,0,44,0,0,823,0,12381,231447,53494,North America,1216,0,4,2021-04-21
217,210,Greenland,31,0, ,0,31,0,0,545,0,20669,363590,56847,North America,1834,0,3,2021-04-21
218,211,Vatican City,27,0, ,0,15,12,0,33624,0,0,0,803,Europe,30,0,0,2021-04-21
219,212,Anguilla,25,0, ,0,22,3,0,1655,0,14579,964985,15108,North America,604,0,1,2021-04-21
220,213,Saint Pierre Miquelon,24,0, ,0,24,0,0,4158,0,5126,888080,5772,North America,241,0,1,2021-04-21
221,214,Montserrat,20,0,1,0,19,0,0,4005,200,1313,262915,4994,North America,250,4994,4,2021-04-21
222,215,Solomon Islands,19,0, ,0,18,1,0,27,0,4500,6428,700011,Australia/Oceania,36843,0,156,2021-04-21
223,216,Western Sahara,10,0,1,0,8,1,0,16,2,0,0,608784,Africa,60878,608784,0,2021-04-21
224,217,MS Zaandam,9,0,2,0,7,0,0,0,0,0,0, ,0,0,0,0,2021-04-21
225,218,Marshall Islands,4,0, ,0,4,0,0,67,0,0,0,59504,Australia/Oceania,14876,0,0,2021-04-21
226,219,Samoa,3,0, ,0,2,1,0,15,0,0,0,199449,Australia/Oceania,66483,0,0,2021-04-21
227,220,Vanuatu,3,0, ,0,1,2,0,10,0,470,1503,312741,Australia/Oceania,104247,0,665,2021-04-21
228,221,Micronesia,1,0, ,0,1,0,0,9,0,0,0,115968,Australia/Oceania,115968,0,0,2021-04-21
0,0,World,138016974,745501,2971444,12931,117560589,17484941,106130,17706,381.2,0,0,0,All,0,0,0,2021-04-20
1,0,Europe,41958852,161148,958410,3938,36307747,4692695,33316,0,0,0,0,0,Europe,0,0,0,2021-04-20
2,0,North America,36990895,96083,839747,1382,28690229,7460919,16629,0,0,0,0,0,North America,0,0,0,2021-04-20
3,1,USA,32070784,77720,577177,819,24626410,6867197,9540,96446,1736,422126761,1269452,332526757,North America,10,576,1,2021-04-20
4,0,Asia,31863919,332307,453311,2424,28198049,3212559,28355,0,0,0,0,0,Asia,0,0,0,2021-04-20
5,0,South America,22734019,143471,602126,4770,20384027,1747866,24167,0,0,0,0,0,South America,0,0,0,2021-04-20
6,2,India,13871321,185248,172115,1026,12332688,1366518,8944,9975,124,259207108,186394,1390642113,Asia,100,8080,5,2021-04-20
7,3,Brazil,13601566,80157,358718,3687,12074798,1168050,8318,63634,1678,28600000,133804,213745314,South America,16,596,7,2021-04-20
8,4,France,5106329,39113,99480,345,3972182,1034667,5952,78094,1521,70448755,1077411,65387072,Europe,13,657,1,2021-04-20
9,5,Russia,4657883,8173,103601,338,4281776,272506,2300,31907,710,124100000,850095,145983692,Europe,31,1409,1,2021-04-20
10,0,Africa,4408396,12246,116682,416,3945131,346583,3658,0,0,0,0,0,Africa,0,0,0,2021-04-20
11,6,UK,4375814,2472,127123,23,4106779,141912,377,64193,1865,137848442,2022244,68166088,Europe,16,536,0,2021-04-20
12,7,Turkey,3962760,59187,34455,273,3424733,503572,2951,46593,405,42199485,496171,85050360,Asia,21,2468,2,2021-04-20
13,8,Italy,3793025,13439,115088,476,3158725,519212,3526,62807,1906,53550491,886717,60391837,Europe,16,525,1,2021-04-20
14,9,Spain,3376548,6292,76625,100,3114053,185870,2152,72196,1638,44285495,946898,46769025,Europe,14,610,1,2021-04-20
15,10,Germany,3031836,10772,79408,298,2700200,252228,4662,36096,945,51559277,613841,83994506,Europe,28,1058,2,2021-04-20
16,11,Poland,2599833,13210,59127,645,2219655,321051,3513,68753,1564,13062929,345452,37813984,Europe,15,640,3,2021-04-20
17,12,Argentina,2579000,27001,58174,217,2262875,257951,3836,56655,1278,9743345,214041,45521023,South America,18,782,5,2021-04-20
18,13,Colombia,2569314,16377,66482,326,2408624,94208,4299,50076,1296,13439422,261936,51307978,South America,20,772,4,2021-04-20
19,14,Mexico,2281840,1627,209702,364,1812694,259444,4798,17553,1613,6279527,48306,129994567,North America,57,620,21,2021-04-20
20,15,Iran,2118212,24760,65055,291,1729293,323864,4481,24969,767,13866887,163457,84834876,Asia,40,1304,6,2021-04-20
21,16,Ukraine,1872785,11680,37758,457,1430234,404793,177,43026,867,8716400,200254,43526620,Europe,23,1153,5,2021-04-20
22,17,Peru,1659707,6387,55489,259,1584425,19793,2599,49794,1665,10086002,302598,33331387,South America,20,601,3,2021-04-20
23,18,Czechia,1585100,3871,28105,77,1482989,74006,1144,147800,2621,14635011,1364620,10724603,Europe,7,382,1,2021-04-20
24,19,Indonesia,1577526,5702,42782,126,1426145,108599,0,5720,155,13510828,48989,275790702,Asia,175,6446,20,2021-04-20
25,20,South Africa,1559960,847,53423,67,1485315,21222,546,26045,892,10181143,169985,59894339,Africa,38,1121,6,2021-04-20
26,21,Netherlands,1364025,6685,16820,29,1140370,206835,782,79467,980,11292587,657897,17164681,Europe,13,1020,2,2021-04-20
27,22,Chile,1088710,5790,24518,35,1020925,43267,3203,56571,1274,12021128,624639,19244919,South America,18,785,2,2021-04-20
28,23,Canada,1078562,7546,23392,36,976877,78293,928,28382,616,29251338,769737,38001715,North America,35,1625,1,2021-04-20
29,24,Romania,1012373,3883,25441,193,915464,71468,1530,52903,1329,7736296,404269,19136495,Europe,19,752,2,2021-04-20
30,25,Iraq,941078,8179,14796,39,826323,99959,477,22994,362,8599946,210131,40926514,Asia,43,2766,5,2021-04-20
31,26,Belgium,927229,1753,23503,30,781818,121908,899,79732,2021,11723475,1008102,11629250,Europe,13,495,1,2021-04-20
32,27,Sweden,885378,8880,13721,4,708841,162816,391,87240,1352,7847033,773205,10148706,Europe,11,740,1,2021-04-20
33,28,Philippines,884758,8546,15285,136,703885,165588,750,7991,138,10857391,98059,110723047,Asia,125,7244,10,2021-04-20
34,29,Israel,836334,176,6309,5,826768,3257,231,90930,686,13838957,1504629,9197590,Asia,11,1458,1,2021-04-20
35,30,Portugal,828173,408,16923,5,785809,25441,118,81407,1663,9563681,940077,10173293,Europe,12,601,1,2021-04-20
36,31,Pakistan,729920,4318,15619,118,638267,76034,4198,3255,70,10829994,48296,224242164,Asia,307,14357,21,2021-04-20
37,32,Hungary,728078,2837,23980,272,431124,272974,1209,75519,2487,4976613,516191,9641034,Europe,13,402,2,2021-04-20
38,33,Bangladesh,697985,6028,9891,69,585966,102128,0,4205,60,5070788,30551,165975757,Asia,238,16780,33,2021-04-20
39,34,Jordan,672090,2790,7937,82,610614,53539,729,65362,772,6372263,619716,10282548,Asia,15,1296,2,2021-04-20
40,35,Serbia,648745,3572,5808,35,566122,76815,247,74486,667,3617179,415307,8709642,Europe,13,1500,2,2021-04-20
41,36,Switzerland,625367,2241,10472,6,561861,53034,214,71846,1203,6437818,739614,8704294,Europe,14,831,1,2021-04-20
42,37,Austria,581263,2313,9748,42,541786,29729,599,64251,1078,27197861,3006367,9046752,Europe,16,928,0,2021-04-20
43,38,Japan,508802,2516,9425,25,468770,30607,596,4033,75,10529634,83455,126171504,Asia,248,13387,12,2021-04-20
44,39,Morocco,502961,684,8915,6,489288,4758,246,13501,239,6116735,164193,37253307,Africa,74,4179,6,2021-04-20
45,40,Lebanon,499839,1985,6738,35,411710,81391,844,73491,991,3740454,549957,6801360,Asia,14,1009,2,2021-04-20
46,41,UAE,487697,2022,1537,4,471906,14254,0,48848,154,40669721,4073485,9984012,Asia,20,6496,0,2021-04-20
47,42,Saudi Arabia,400228,951,6773,8,384635,8820,962,11358,192,15919088,451759,35237991,Asia,88,5203,2,2021-04-20
48,43,Bulgaria,378059,2944,14746,127,293351,69962,799,54734,2135,2303963,333560,6907188,Europe,18,468,3,2021-04-20
49,44,Slovakia,372038,870,10716,86,255300,106022,506,68117,1962,2449747,448530,5461722,Europe,15,510,2,2021-04-20
50,45,Malaysia,363940,1767,1345,12,346295,16300,199,11133,41,8292260,253658,32690753,Asia,90,24305,4,2021-04-20
51,46,Panama,359121,329,6173,6,348953,3995,105,82218,1413,2252943,515796,4367896,North America,12,708,2,2021-04-20
52,47,Ecuador,347589,519,17351,53,298604,31634,600,19470,972,1198764,67148,17852660,South America,51,1029,15,2021-04-20
53,48,Belarus,337635,754,2373,10,327848,7414,0,35740,251,5570822,589700,9446877,Europe,28,3981,2,2021-04-20
54,49,Greece,301103,4017,9054,93,254804,37245,802,29000,872,7185541,692053,10382930,Europe,34,1147,1,2021-04-20
55,50,Croatia,294874,1936,6358,25,276420,12096,192,72179,1556,1652525,404504,4085307,Europe,14,643,2,2021-04-20
56,51,Georgia,290129,1374,3894,11,278251,7984,0,72839,978,3722612,934593,3983138,Asia,14,1023,1,2021-04-20
57,52,Azerbaijan,289601,2457,3978,34,253762,31861,0,28362,390,3040386,297760,10210853,Asia,35,2567,3,2021-04-20
58,53,Bolivia,283084,989,12469,18,232422,38193,71,23995,1057,999531,84723,11797677,South America,42,946,12,2021-04-20
59,54,Nepal,280984,460,3058,5,274318,3608,0,9510,103,2321670,78577,29546342,Asia,105,9662,13,2021-04-20
60,55,Tunisia,274604,1664,9396,64,228267,36941,436,23046,789,1191995,100037,11915556,Africa,43,1268,10,2021-04-20
61,56,Kazakhstan,273825,2016,3260,24,235862,34703,221,14448,172,9258849,488525,18952655,Asia,69,5814,2,2021-04-20
62,57,Palestine,272767,1911,2901,18,237046,32820,182,52517,559,1636553,315093,5193881,Asia,19,1790,3,2021-04-20
63,58,Dominican Republic,258637,598,3397,5,217008,38232,148,23656,311,1352703,123724,10933195,North America,42,3218,8,2021-04-20
64,59,Kuwait,250273,1544,1419,7,233757,15097,235,57934,328,2178279,504232,4319992,Asia,17,3044,2,2021-04-20
65,60,Moldova,242364,544,5438,29,225036,11890,293,60191,1351,909884,225969,4026580,Europe,17,740,4,2021-04-20
66,61,Ireland,241684,354,4803,18,221938,14943,46,48521,964,4209763,845163,4981009,Europe,21,1037,1,2021-04-20
67,62,Paraguay,240141,2599,4978,89,196718,38445,485,33348,691,988044,137206,7201165,South America,30,1447,7,2021-04-20
68,63,Denmark,238869,563,2446,3,228007,8416,39,41126,421,29940622,5154860,5808232,Europe,24,2375,0,2021-04-20
69,64,Ethiopia,232512,1568,3230,22,173818,55464,967,1984,28,2460888,21000,117182537,Africa,504,36279,48,2021-04-20
70,65,Lithuania,227976,1175,3714,13,207391,16871,150,84678,1380,2516597,934749,2692270,Europe,12,725,1,2021-04-20
71,66,Slovenia,227843,1056,4130,4,209919,13794,146,109584,1986,1109932,533836,2079163,Europe,9,503,2,2021-04-20
72,67,Costa Rica,225343,2799,3044,26,196060,26239,221,43921,593,842015,164116,5130600,North America,23,1685,6,2021-04-20
73,68,Egypt,212130,823,12526,39,160431,39173,90,2043,121,2677262,25782,103842186,Africa,490,8290,39,2021-04-20
74,69,Guatemala,205322,2013,7057,37,187052,11213,5,11297,388,1118361,61535,18174497,North America,89,2575,16,2021-04-20
75,70,Armenia,204053,726,3775,22,183660,16618,0,68760,1272,909604,306512,2967598,Asia,15,786,3,2021-04-20
76,71,Honduras,196086,306,4861,57,75952,115273,536,19554,485,542768,54126,10027818,North America,51,2063,18,2021-04-20
77,72,Qatar,191979,981,340,5,170787,20852,479,68373,121,1814379,646191,2807805,Asia,15,8258,2,2021-04-20
78,73,Bosnia and Herzegovina,185664,966,7566,79,142654,35444,0,56870,2317,846536,259297,3264729,Europe,18,432,4,2021-04-20
79,74,Venezuela,176972,1160,1815,20,159547,15610,237,6237,64,3359014,118390,28372485,South America,160,15632,8,2021-04-20
80,75,Oman,174364,1335,1798,9,154771,17795,250,33481,345,1550000,297631,5207798,Asia,30,2896,3,2021-04-20
81,76,Libya,169504,828,2830,2,154220,12454,0,24409,408,919189,132363,6944442,Africa,41,2454,8,2021-04-20
82,77,Nigeria,163911,74,2061,0,154225,7625,11,780,10,1838174,8748,210120737,Africa,1282,101951,114,2021-04-20
83,78,Bahrain,158789,1060,566,4,147162,11061,84,90868,324,3815826,2183639,1747462,Asia,11,3087,0,2021-04-20
84,79,Uruguay,149430,2257,1595,62,116533,31302,486,42900,458,1561178,448203,3483191,South America,23,2184,2,2021-04-20
85,80,Kenya,147147,991,2394,26,99580,45173,239,2690,44,1571244,28727,54695314,Africa,372,22847,35,2021-04-20
86,81,North Macedonia,143162,1128,4289,27,118946,19927,124,68719,2059,674378,323706,2083307,Europe,15,486,3,2021-04-20
87,82,Myanmar,142596,0,3206,0,131869,7521,0,2607,59,2555312,46718,54696124,Asia,384,17061,21,2021-04-20
88,83,Albania,128752,234,2326,5,98903,27523,18,44778,809,590174,205255,2875324,Europe,22,1236,5,2021-04-20
89,84,Algeria,118799,154,3137,3,82813,32849,19,2671,71,230861,5191,44469823,Africa,374,14176,193,2021-04-20
90,85,Estonia,115080,638,1049,12,96844,17187,72,86706,790,1204118,907237,1327237,Europe,12,1265,1,2021-04-20
91,86,S. Korea,110688,542,1775,5,101332,7581,101,2157,35,8200519,159842,51303892,Asia,464,28904,6,2021-04-20
92,87,Latvia,108355,537,2002,12,99840,6513,94,57952,1071,2049958,1096391,1869732,Europe,17,934,1,2021-04-20
93,88,Norway,105008,1009,688,1,88952,15368,57,19252,126,4896385,897678,5454503,Europe,52,7928,1,2021-04-20
94,89,Sri Lanka,95620,226,602,4,91926,3092,0,4451,28,2374627,110531,21483791,Asia,225,35687,9,2021-04-20
95,90,Montenegro,94643,224,1391,10,89235,4017,69,150674,2215,354624,564572,628129,Europe,7,452,2,2021-04-20
96,91,Ghana,91410,75,761,7,89219,1430,10,2895,24,1032144,32684,31579196,Africa,345,41497,31,2021-04-20
97,92,Kyrgyzstan,90599,227,1532,4,86152,2915,25,13710,232,908302,137447,6608364,Asia,73,4314,7,2021-04-20
98,93,China,90435,9,4636,0,85506,293,4,63,3,160000000,111163,1439323776,Asia,15916,310467,9,2021-04-20
99,94,Zambia,90218,154,1229,2,88144,845,56,4803,65,1314850,69996,18784579,Africa,208,15284,14,2021-04-20
100,95,Cuba,88445,1060,476,9,83087,4882,61,7812,42,3256543,287651,11321175,North America,128,23784,3,2021-04-20
101,96,Uzbekistan,85291,177,634,0,83089,1568,23,2520,19,1377915,40708,33848811,Asia,397,53389,25,2021-04-20
102,97,Finland,82564,286,877,3,46000,35687,38,14883,158,4182779,753995,5547489,Europe,67,6326,1,2021-04-20
103,98,Mozambique,68871,79,794,3,59901,8176,68,2156,25,498247,15601,31936814,Africa,464,40223,64,2021-04-20
104,99,El Salvador,66657,168,2054,0,63072,1531,60,10236,315,873873,134196,6511911,North America,98,3170,7,2021-04-20
105,100,Luxembourg,64062,182,777,5,60012,3273,30,101053,1226,2520656,3976162,633942,Europe,10,816,0,2021-04-20
106,101,Cameroon,61731,0,919,0,56926,3886,385,2281,34,1257949,46486,27060733,Africa,438,29446,22,2021-04-20
107,102,Singapore,60692,14,30,0,60374,288,1,10310,5,9036706,1535172,5886444,Asia,97,196215,1,2021-04-20
108,0,Oceania,60172,246,1153,1,34700,24319,5,0,0,0,0,0,Australia/Oceania,0,0,0,2021-04-20
109,103,Afghanistan,57492,128,2532,3,52013,2947,1124,1451,64,374076,9443,39612153,Asia,689,15645,106,2021-04-20
110,104,Cyprus,52652,619,274,1,39061,13317,63,43361,226,4052674,3337575,1214257,Asia,23,4432,0,2021-04-20
111,105,Namibia,45949,162,586,11,43984,1379,32,17831,227,365079,141676,2576863,Africa,56,4397,7,2021-04-20
112,106,Ivory Coast,45265,38,269,1,44771,225,0,1684,10,557294,20727,26887262,Africa,594,99953,48,2021-04-20
113,107,Botswana,43444,0,663,0,38923,3858,1,18187,278,958802,401391,2388698,Africa,55,3603,2,2021-04-20
114,108,Jamaica,42924,161,682,6,19136,23106,37,14446,230,307193,103386,2971321,North America,69,4357,10,2021-04-20
115,109,Uganda,41204,30,337,0,40779,88,24,879,7,971265,20725,46863292,Africa,1137,139060,48,2021-04-20
116,110,Senegal,39495,30,1081,2,38241,173,14,2311,63,456487,26715,17087514,Africa,433,15807,37,2021-04-20
117,111,Zimbabwe,37330,23,1543,1,34932,855,12,2483,103,394257,26227,15032245,Africa,403,9742,38,2021-04-20
118,112,Thailand,34575,965,97,0,28288,6190,1,494,1,8124896,116173,69937672,Asia,2023,721007,9,2021-04-20
119,113,Malawi,33872,13,1133,1,31572,1167,19,1736,58,224959,11528,19514960,Africa,576,17224,87,2021-04-20
120,114,Sudan,31700,1589,2194,131,25451,4055,0,710,49,232965,5218,44647518,Africa,1408,20350,192,2021-04-20
121,115,Malta,29720,59,403,1,28756,561,0,67169,911,836521,1890584,442467,Europe,15,1098,1,2021-04-20
122,116,Australia,29437,18,910,1,26361,2166,0,1144,35,16161532,628079,25731698,Australia/Oceania,874,28277,2,2021-04-20
123,117,Madagascar,28765,224,512,6,24410,3843,246,1018,18,156363,5536,28245501,Africa,982,55167,181,2021-04-20
124,118,DRC,28665,54,745,0,25841,2079,0,313,8,143197,1562,91677905,Africa,3198,123058,640,2021-04-20
125,119,Maldives,25759,58,67,0,22981,2711,82,47007,122,673528,1229099,547985,Asia,21,8179,1,2021-04-20
126,120,Angola,23697,148,554,0,22115,1028,15,704,16,443086,13163,33660723,Africa,1420,60759,76,2021-04-20
127,121,Rwanda,23603,68,316,0,21395,1892,6,1788,24,1230808,93226,13202399,Africa,559,41780,11,2021-04-20
128,122,Guinea,21106,74,136,0,18686,2284,24,1574,10,416078,31027,13410087,Africa,635,98604,32,2021-04-20
129,123,Gabon,20971,0,129,0,17762,3080,20,9252,57,669004,295147,2266678,Africa,108,17571,3,2021-04-20
130,124,Syria,20435,104,1392,7,14230,4813,0,1146,78,103566,5808,17831997,Asia,873,12810,172,2021-04-20
131,125,Mayotte,19706,0,167,0,2964,16575,8,70899,601,165683,596098,277946,Africa,14,1664,2,2021-04-20
132,126,Cabo Verde,19231,121,187,3,17487,1557,23,34297,333,136977,244288,560720,Africa,29,2999,4,2021-04-20
133,127,French Polynesia,18678,12,141,0,4842,13695,2,66191,500,26355,93397,282183,Australia/Oceania,15,2001,11,2021-04-20
134,128,Réunion,18425,917,135,12,16794,1496,54,20465,150,100098,111180,900327,Africa,49,6669,9,2021-04-20
135,129,Eswatini,18402,9,669,0,17682,51,3,15734,572,174638,149317,1169580,Africa,64,1748,7,2021-04-20
136,130,Mauritania,18052,17,451,1,17398,203,14,3805,95,217078,45750,4744829,Africa,263,10521,22,2021-04-20
137,131,French Guiana,17806,100,95,1,9995,7716,9,58436,312,172132,564901,304712,South America,17,3207,2,2021-04-20
138,132,Mongolia,16603,885,27,2,9887,6689,88,5002,8,2492932,750979,3319578,Asia,200,122947,1,2021-04-20
139,133,Tajikistan,13308,0,90,0,13218,0,0,1371,9,0,0,9704736,Asia,729,107830,0,2021-04-20
140,134,Burkina Faso,12989,0,153,0,12627,209,0,608,7,175352,8213,21349397,Africa,1644,139539,122,2021-04-20
141,135,Haiti,12855,0,251,0,11513,1091,0,1117,22,60085,5220,11511413,North America,895,45862,192,2021-04-20
142,136,Guadeloupe,12717,577,176,2,2242,10299,13,31778,440,164128,410137,400178,North America,31,2274,2,2021-04-20
143,137,Andorra,12614,33,121,0,11932,561,29,163052,1564,193595,2502456,77362,Europe,6,639,0,2021-04-20
144,138,Somalia,12566,0,618,0,5270,6678,0,774,38,100631,6197,16238265,Africa,1292,26276,161,2021-04-20
145,139,Belize,12513,10,318,0,12137,58,1,31029,789,107277,266018,403269,North America,32,1268,4,2021-04-20
146,140,Mali,12179,177,417,3,7194,4568,0,588,20,243860,11778,20704544,Africa,1700,49651,85,2021-04-20
147,141,Togo,12125,91,117,1,9464,2544,0,1438,14,293694,34839,8430002,Africa,695,72051,29,2021-04-20
148,142,Hong Kong,11608,13,208,1,11227,173,7,1539,28,11193673,1483647,7544701,Asia,650,36273,1,2021-04-20
149,143,Curaçao,11430,45,74,6,7189,4167,22,69433,450,85774,521042,164620,North America,14,2225,2,2021-04-20
150,144,Guyana,11277,88,258,1,9796,1223,15,14283,327,101263,128257,789533,South America,70,3060,8,2021-04-20
151,145,Lesotho,10709,0,315,0,5028,5366,0,4968,146,71629,33230,2155574,Africa,201,6843,30,2021-04-20
152,146,South Sudan,10387,6,114,0,10148,125,0,919,10,140302,12420,11296545,Africa,1088,99093,81,2021-04-20
153,147,Aruba,10122,46,92,0,9515,515,14,94490,859,137229,1281053,107122,North America,11,1164,1,2021-04-20
154,148,Congo,10084,0,137,0,8208,1739,0,1793,24,92500,16448,5623929,Africa,558,41051,61,2021-04-20
155,149,Djibouti,10077,102,102,2,8394,1581,0,10085,102,141406,141513,999244,Africa,99,9797,7,2021-04-20
156,150,Martinique,9890,862,64,7,98,9728,24,26371,171,140946,375820,375036,North America,38,5860,3,2021-04-20
157,151,Bahamas,9505,45,190,0,8965,350,3,23991,480,80704,203700,396190,North America,42,2085,5,2021-04-20
158,152,Suriname,9363,47,184,2,8711,468,9,15849,311,46424,78584,590755,South America,63,3211,13,2021-04-20
159,153,Papua New Guinea,8814,212,69,0,846,7899,0,971,8,70260,7738,9079415,Australia/Oceania,1030,131586,129,2021-04-20
160,154,Trinidad and Tobago,8511,70,146,0,7799,566,14,6066,104,118247,84279,1403050,North America,165,9610,12,2021-04-20
161,155,Benin,7515,0,93,0,6452,970,35,607,8,548484,44338,12370480,Africa,1646,133016,23,2021-04-20
162,156,Equatorial Guinea,7219,0,106,0,6799,314,11,5017,74,115364,80182,1438775,Africa,199,13573,12,2021-04-20
163,157,Nicaragua,6778,51,180,1,4225,2373,0,1014,27,0,0,6686300,North America,986,37146,0,2021-04-20
164,158,Iceland,6274,7,29,0,6152,93,0,18293,85,564307,1645296,342982,Europe,55,11827,1,2021-04-20
165,159,CAR,5682,74,75,0,5112,495,2,1161,15,40907,8356,4895406,Africa,862,65272,120,2021-04-20
166,160,Gambia,5602,0,168,0,5145,289,3,2268,68,59297,24012,2469496,Africa,441,14699,42,2021-04-20
167,161,Yemen,5507,61,1073,5,2070,2364,23,182,35,22934,756,30338432,Asia,5509,28274,1323,2021-04-20
168,162,Niger,5081,0,189,0,4760,132,1,204,8,93751,3767,24886024,Africa,4898,131672,265,2021-04-20
169,163,San Marino,4986,21,86,0,4568,332,8,146703,2530,56871,1673316,33987,Europe,7,395,1,2021-04-20
170,164,Cambodia,4696,181,33,3,2252,2411,0,278,2,782811,46320,16900093,Asia,3599,512124,22,2021-04-20
171,165,Chad,4652,11,167,0,4306,179,0,277,10,110863,6602,16792515,Africa,3610,100554,151,2021-04-20
172,166,Seychelles,4633,189,25,0,4310,298,0,46881,253,21504,217597,98825,Africa,21,3953,5,2021-04-20
173,167,Saint Lucia,4355,0,64,0,4179,112,1,23632,347,37758,204888,184286,North America,42,2879,5,2021-04-20
174,168,Gibraltar,4277,0,94,0,4181,2,0,126978,2791,219808,6525785,33683,Europe,8,358,0,2021-04-20
175,169,Channel Islands,4053,2,86,0,3956,11,1,23144,491,399901,2283583,175120,Europe,43,2036,0,2021-04-20
176,170,Sierra Leone,4009,1,79,0,2832,1098,0,495,10,118332,14602,8103627,Africa,2021,102578,68,2021-04-20
177,171,Comoros,3796,7,146,0,3582,68,0,4294,165,0,0,884057,Africa,233,6055,0,2021-04-20
178,172,Barbados,3740,6,44,0,3623,73,0,13002,153,146575,509557,287652,North America,77,6538,2,2021-04-20
179,173,Guinea-Bissau,3693,13,66,0,3083,544,9,1843,33,60565,30218,2004263,Africa,543,30368,33,2021-04-20
180,174,Eritrea,3469,3,10,0,3231,228,0,968,3,23693,6609,3584844,Africa,1033,358484,151,2021-04-20
181,175,Burundi,3262,108,6,0,773,2483,0,268,0.5,90019,7399,12166138,Africa,3730,2027690,135,2021-04-20
182,176,Liechtenstein,2768,14,56,0,2634,78,5,72434,1465,32252,843984,38214,Europe,14,682,1,2021-04-20
183,177,Vietnam,2714,9,35,0,2445,234,0,28,0.4,2598753,26511,98025481,Asia,36118,2800728,38,2021-04-20
184,178,New Zealand,2587,4,26,0,2459,102,0,517,5,1948223,389481,5002100,Australia/Oceania,1934,192388,3,2021-04-20
185,179,Monaco,2378,1,31,0,2260,87,6,60264,786,51953,1316599,39460,Europe,17,1273,1,2021-04-20
186,180,Turks and Caicos,2360,3,17,0,2285,58,2,60316,434,41426,1058757,39127,North America,17,2302,1,2021-04-20
187,181,Sao Tome and Principe,2268,1,35,0,2192,41,0,10201,157,12597,56657,222339,Africa,98,6353,18,2021-04-20
188,182,Sint Maarten,2188,3,27,0,2124,37,1,50581,624,25304,584969,43257,North America,20,1602,2,2021-04-20
189,183,Liberia,2042,0,85,0,1899,58,2,396,17,79684,15472,5150360,Africa,2522,60592,65,2021-04-20
190,184,Bermuda,1912,21,16,0,1037,859,41,30791,258,218967,3526209,62097,North America,32,3881,0,2021-04-20
191,185,St. Vincent Grenadines,1806,0,10,0,1665,131,2,16239,90,43985,395488,111217,North America,62,11122,3,2021-04-20
192,186,Saint Martin,1693,0,12,0,1399,282,7,43210,306,26385,673413,39181,North America,23,3265,1,2021-04-20
193,187,Isle of Man,1575,0,29,0,1445,101,0,18446,340,44761,524219,85386,Europe,54,2944,2,2021-04-20
194,188,Caribbean Netherlands,1526,7,14,0,1416,96,0,57772,530,10011,379004,26414,North America,17,1887,3,2021-04-20
195,189,Antigua and Barbuda,1201,3,31,1,947,223,45,12185,315,16493,167331,98565,North America,82,3180,6,2021-04-20
196,190,Mauritius,1198,5,15,0,797,386,0,941,12,358675,281661,1273428,Africa,1063,84895,4,2021-04-20
197,191,Timor-Leste,1086,40,2,1,550,534,0,812,1,50556,37783,1338060,Asia,1232,669030,26,2021-04-20
198,192,Taiwan,1062,4,11,0,1027,24,0,45,0.5,513203,21517,23850673,Asia,22458,2168243,46,2021-04-20
199,193,Bhutan,927,6,1,0,875,51,0,1191,1,652722,838686,778267,Asia,840,778267,1,2021-04-20
200,194,St. Barth,907,0,1,0,462,444,0,91607,101,26385,2664882,9901,North America,11,9901,0,2021-04-20
201,0,0,721,0,15,0,706,0,0,0,0,0,0,0,0,0,0,0,2021-04-20
202,195,Diamond Princess,712,0,13,0,699,0,0,0,0,0,0, ,0,0,0,0,2021-04-20
203,196,Faeroe Islands,661,0,1,0,660,0,0,13487,20,247430,5048665,49009,Europe,74,49009,0,2021-04-20
204,197,Cayman Islands,523,7,2,0,498,23,0,7885,30,85460,1288465,66327,North America,127,33164,1,2021-04-20
205,198,Tanzania,509,0,21,0,183,305,7,8,0.3,0,0,61057874,Africa,119957,2907518,0,2021-04-20
206,199,Wallis and Futuna,437,0,5,0,44,388,3,39430,451,1331,120094,11083,Australia/Oceania,25,2217,8,2021-04-20
207,200,Brunei ,219,0,3,0,206,10,0,497,7,116596,264532,440764,Asia,2013,146921,4,2021-04-20
208,201,British Virgin Islands,178,0,1,0,159,18,0,5857,33,13223,435125,30389,North America,171,30389,2,2021-04-20
209,202,Dominica,165,0, ,0,159,6,0,2288,0,13500,187170,72127,North America,437,0,5,2021-04-20
210,203,Grenada,155,0,1,0,152,2,0,1372,9,23989,212418,112933,North America,729,112933,5,2021-04-20
211,204,New Caledonia,121,0, ,0,58,63,0,421,0,29182,101450,287650,Australia/Oceania,2377,0,10,2021-04-20
212,205,Fiji,68,0,2,0,64,2,0,75,2,40300,44701,901543,Australia/Oceania,13258,450772,22,2021-04-20
213,206,Falkland Islands,60,0, ,0,54,6,0,16859,0,7165,2013206,3559,South America,59,0,0,2021-04-20
214,207,Laos,52,0, ,0,49,3,0,7,0,143481,19500,7358183,Asia,141504,0,51,2021-04-20
215,208,Macao,49,0, ,0,48,1,0,75,0,4418,6732,656265,Asia,13393,0,149,2021-04-20
216,209,Saint Kitts and Nevis,44,0, ,0,44,0,0,823,0,12381,231447,53494,North America,1216,0,4,2021-04-20
217,210,Greenland,31,0, ,0,31,0,0,545,0,20669,363590,56847,North America,1834,0,3,2021-04-20
218,211,Vatican City,27,0, ,0,15,12,0,33624,0,0,0,803,Europe,30,0,0,2021-04-20
219,212,Anguilla,25,0, ,0,22,3,0,1655,0,14579,964985,15108,North America,604,0,1,2021-04-20
220,213,Saint Pierre Miquelon,24,0, ,0,24,0,0,4158,0,5126,888080,5772,North America,241,0,1,2021-04-20
221,214,Montserrat,20,0,1,0,19,0,0,4005,200,1313,262915,4994,North America,250,4994,4,2021-04-20
222,215,Solomon Islands,19,0, ,0,18,1,0,27,0,4500,6428,700011,Australia/Oceania,36843,0,156,2021-04-20
223,216,Western Sahara,10,0,1,0,8,1,0,16,2,0,0,608784,Africa,60878,608784,0,2021-04-20
224,217,MS Zaandam,9,0,2,0,7,0,0,0,0,0,0, ,0,0,0,0,2021-04-20
225,218,Marshall Islands,4,0, ,0,4,0,0,67,0,0,0,59504,Australia/Oceania,14876,0,0,2021-04-20
226,219,Samoa,3,0, ,0,2,1,0,15,0,0,0,199449,Australia/Oceania,66483,0,0,2021-04-20
227,220,Vanuatu,3,0, ,0,1,2,0,10,0,470,1503,312741,Australia/Oceania,104247,0,665,2021-04-20
228,221,Micronesia,1,0, ,0,1,0,0,9,0,0,0,115968,Australia/Oceania,115968,0,0,2021-04-20
